Genero_1,Genero_2,Nivel_Educativo_1,Nivel_Educativo_2,Nivel_Educativo_3,Nivel_Educativo_4,Edad,Ingreso_Mensual,Horas_Estudio_Semanal,Satisfacci√≥n_Vida
0.0,1.0,0.0,0.0,0.0,1.0,56.0,1572.26,9.0,9
1.0,0.0,0.0,0.0,0.0,1.0,69.0,3744.16,14.0,10
1.0,0.0,0.0,0.0,0.0,0.0,46.0,2592.38,9.0,2
0.0,1.0,0.0,0.0,0.0,0.0,32.0,1793.3,12.0,9
0.0,0.0,0.0,0.0,0.0,0.0,60.0,2724.11,11.0,6
1.0,0.0,0.0,1.0,0.0,0.0,25.0,2202.14,13.0,9
1.0,0.0,0.0,0.0,0.0,0.0,38.0,5524.57,11.0,6
1.0,0.0,0.0,0.0,0.0,1.0,56.0,4557.97,11.0,6
0.0,1.0,0.0,0.0,0.0,1.0,36.0,3490.43,11.0,2
1.0,0.0,0.0,0.0,0.0,1.0,40.0,5275.93,11.0,8
0.0,1.0,0.0,0.0,1.0,0.0,28.0,3592.84,8.0,3
0.0,1.0,0.0,0.0,0.0,0.0,28.0,2466.46,10.0,7
0.0,1.0,0.0,0.0,0.0,1.0,41.0,5327.75,4.0,5
1.0,0.0,0.0,0.0,1.0,0.0,53.0,4146.69,13.0,3
0.0,1.0,0.0,0.0,0.0,0.0,57.0,3742.5156666666667,9.0,1
0.0,0.0,0.0,0.0,0.0,0.0,41.0,16357.95,32.0,8
1.0,0.0,1.0,0.0,0.0,0.0,20.0,2449.26,5.0,3
1.0,0.0,0.0,0.0,0.0,0.0,39.0,1840.64,11.0,2
1.0,0.0,1.0,0.0,0.0,0.0,19.0,4611.41,11.0,1
1.0,0.0,0.0,1.0,0.0,0.0,41.0,5791.3,11.0,4
1.0,0.0,0.0,1.0,0.0,0.0,61.0,1821.72,5.0,8
0.0,1.0,0.0,0.0,1.0,0.0,47.0,4175.56,10.232291666666667,3
0.0,1.0,1.0,0.0,0.0,0.0,55.0,2719.23,11.0,1
1.0,0.0,0.0,1.0,0.0,0.0,19.0,2915.45,7.0,4
0.0,1.0,0.0,1.0,0.0,0.0,38.0,2789.13,8.0,9
1.0,0.0,0.0,1.0,0.0,0.0,50.0,2463.21,8.0,1
0.0,1.0,0.0,0.0,0.0,0.0,29.0,3558.23,7.0,2
0.0,1.0,1.0,0.0,0.0,0.0,39.0,2502.86,7.0,9
0.0,1.0,0.0,1.0,0.0,0.0,61.0,3824.55,10.0,2
0.0,1.0,1.0,0.0,0.0,0.0,42.0,3439.71,6.0,3
0.0,0.0,0.0,0.0,0.0,1.0,66.0,3213.26,12.0,7
1.0,0.0,0.0,0.0,0.0,1.0,44.0,2410.92,9.0,3
0.0,0.0,0.0,0.0,0.0,0.0,59.0,2807.87,13.0,9
0.0,1.0,0.0,0.0,0.0,1.0,45.0,4406.47,10.232291666666667,6
0.0,0.0,0.0,0.0,1.0,0.0,33.0,4101.1,10.232291666666667,3
1.0,0.0,1.0,0.0,0.0,0.0,32.0,2326.93,3.0,9
1.0,0.0,0.0,1.0,0.0,0.0,64.0,3619.2,8.0,1
0.0,1.0,0.0,0.0,1.0,0.0,68.0,4401.66,15.0,10
0.0,0.0,0.0,0.0,1.0,0.0,61.0,1496.71,10.232291666666667,3
0.0,0.0,0.0,0.0,0.0,1.0,69.0,4152.03,9.0,1
0.0,0.0,1.0,0.0,0.0,0.0,20.0,2704.85,4.0,2
1.0,0.0,0.0,1.0,0.0,0.0,54.0,4184.72,15.0,8
1.0,0.0,0.0,0.0,1.0,0.0,68.0,2584.09,10.0,7
0.0,0.0,0.0,0.0,0.0,0.0,24.0,1334.14,18.0,2
1.0,0.0,0.0,1.0,0.0,0.0,38.0,1546.95,10.232291666666667,2
1.0,0.0,0.0,0.0,0.0,1.0,26.0,3557.7,9.0,9
0.0,0.0,1.0,0.0,0.0,0.0,56.0,3811.67,7.0,6
1.0,0.0,0.0,0.0,0.0,0.0,35.0,2414.82,7.0,5
0.0,0.0,0.0,1.0,0.0,0.0,21.0,4266.31,11.0,10
0.0,0.0,0.0,1.0,0.0,0.0,42.0,1506.18,5.0,6
0.0,1.0,0.0,0.0,1.0,0.0,31.0,3420.7,7.0,9
0.0,0.0,0.0,1.0,0.0,0.0,67.0,2046.78,14.0,7
1.0,0.0,1.0,0.0,0.0,0.0,26.0,2717.8,10.0,10
0.0,1.0,1.0,0.0,0.0,0.0,43.0,3742.5156666666667,10.0,10
0.0,0.0,0.0,1.0,0.0,0.0,19.0,2467.5,10.0,9
0.0,1.0,0.0,0.0,1.0,0.0,37.0,3038.53,10.0,4
1.0,0.0,0.0,0.0,0.0,0.0,45.0,4707.55,11.0,2
0.0,0.0,0.0,0.0,0.0,0.0,64.0,2807.73,4.0,8
1.0,0.0,0.0,0.0,1.0,0.0,24.0,4502.83,13.0,4
0.0,1.0,0.0,0.0,0.0,1.0,61.0,3742.5156666666667,7.0,9
0.0,0.0,1.0,0.0,0.0,0.0,25.0,4135.77,6.0,4
0.0,1.0,0.0,0.0,0.0,1.0,64.0,5229.88,13.0,8
0.0,1.0,0.0,0.0,1.0,0.0,52.0,3742.5156666666667,7.0,9
0.0,0.0,0.0,0.0,0.0,1.0,31.0,2543.73,10.0,9
0.0,1.0,0.0,0.0,1.0,0.0,34.0,4192.49,10.0,10
1.0,0.0,0.0,0.0,0.0,0.0,53.0,3256.35,5.0,4
0.0,1.0,0.0,0.0,0.0,0.0,67.0,3945.38,13.0,1
1.0,0.0,0.0,0.0,0.0,1.0,57.0,2775.22,7.0,3
1.0,0.0,0.0,0.0,0.0,1.0,21.0,3603.91,8.0,9
0.0,1.0,1.0,0.0,0.0,0.0,19.0,3313.19,11.0,4
1.0,0.0,0.0,0.0,0.0,0.0,23.0,4901.34,13.0,5
0.0,0.0,0.0,0.0,0.0,1.0,59.0,3805.31,15.0,7
1.0,0.0,0.0,0.0,0.0,1.0,21.0,3905.12,6.0,5
1.0,0.0,0.0,0.0,1.0,0.0,46.0,3005.75,13.0,4
1.0,0.0,0.0,0.0,0.0,0.0,35.0,2914.87,6.0,2
0.0,0.0,0.0,0.0,1.0,0.0,43.0,2980.93,7.0,2
0.0,0.0,1.0,0.0,0.0,0.0,61.0,3973.34,11.0,4
0.0,0.0,1.0,0.0,0.0,0.0,51.0,2994.82,9.0,10
0.0,1.0,0.0,1.0,0.0,0.0,27.0,3847.73,5.0,10
0.0,0.0,0.0,0.0,0.0,0.0,53.0,5990.48,13.0,9
1.0,0.0,0.0,0.0,0.0,0.0,31.0,4545.35,19.0,8
0.0,0.0,1.0,0.0,0.0,0.0,48.0,3108.77,11.0,3
0.0,0.0,0.0,0.0,1.0,0.0,65.0,4941.46,14.0,9
1.0,0.0,0.0,0.0,0.0,0.0,32.0,3010.31,6.0,5
0.0,1.0,1.0,0.0,0.0,0.0,25.0,1054.25,11.0,3
0.0,0.0,0.0,1.0,0.0,0.0,31.0,3742.5156666666667,7.0,5
0.0,1.0,0.0,0.0,0.0,1.0,40.0,1255.05,10.232291666666667,10
0.0,1.0,0.0,0.0,0.0,0.0,57.0,3078.18,12.0,4
0.0,1.0,0.0,0.0,0.0,1.0,38.0,3742.5156666666667,10.0,8
1.0,0.0,0.0,0.0,1.0,0.0,33.0,5511.72,10.0,5
0.0,1.0,0.0,1.0,0.0,0.0,62.0,3892.31,10.0,10
0.0,1.0,0.0,0.0,0.0,0.0,35.0,3237.08,8.0,8
1.0,0.0,0.0,0.0,0.0,1.0,64.0,4495.29,5.0,9
0.0,1.0,0.0,0.0,0.0,1.0,41.0,846.64,6.0,4
0.0,1.0,1.0,0.0,0.0,0.0,43.0,3782.74,9.0,7
1.0,0.0,0.0,0.0,0.0,1.0,42.0,4425.04,11.0,2
1.0,0.0,0.0,0.0,1.0,0.0,62.0,1725.7,10.232291666666667,6
0.0,0.0,0.0,0.0,0.0,1.0,58.0,4872.5,11.0,8
0.0,0.0,0.0,0.0,1.0,0.0,46.0,3906.2,12.0,7
0.0,0.0,0.0,0.0,1.0,0.0,32.0,3001.65,12.0,7
0.0,1.0,1.0,0.0,0.0,0.0,62.0,4259.34,8.0,8
0.0,1.0,0.0,1.0,0.0,0.0,18.0,6224.83,12.0,7
0.0,1.0,0.0,0.0,1.0,0.0,42.0,3718.24,32.0,5
1.0,0.0,0.0,0.0,0.0,1.0,24.0,3797.86,13.0,7
0.0,1.0,0.0,0.0,0.0,1.0,26.0,2948.77,12.0,10
0.0,0.0,0.0,0.0,1.0,0.0,41.0,2480.19,5.0,3
1.0,0.0,0.0,0.0,0.0,1.0,18.0,4496.4,10.0,5
1.0,0.0,0.0,0.0,0.0,0.0,61.0,2472.7,10.0,7
1.0,0.0,1.0,0.0,0.0,0.0,25.0,3585.88,21.0,9
0.0,0.0,0.0,0.0,0.0,1.0,41.0,2926.81,9.0,2
0.0,0.0,0.0,0.0,0.0,1.0,28.0,4074.78,8.0,4
0.0,0.0,0.0,0.0,1.0,0.0,68.0,3900.39,8.0,7
1.0,0.0,0.0,0.0,1.0,0.0,34.0,4745.05,12.0,1
1.0,0.0,0.0,0.0,1.0,0.0,25.0,2887.98,14.0,2
0.0,1.0,1.0,0.0,0.0,0.0,52.0,3176.15,14.0,9
0.0,1.0,0.0,0.0,0.0,1.0,52.0,2325.48,12.0,10
0.0,0.0,0.0,0.0,0.0,1.0,50.0,2966.85,5.0,7
1.0,0.0,1.0,0.0,0.0,0.0,22.0,3952.76,8.0,10
0.0,1.0,0.0,0.0,0.0,0.0,59.0,4408.39,8.0,7
0.0,0.0,0.0,0.0,0.0,1.0,56.0,2393.4,12.0,6
0.0,0.0,0.0,0.0,0.0,1.0,58.0,4543.53,12.0,3
0.0,1.0,1.0,0.0,0.0,0.0,45.0,5126.77,15.0,10
0.0,0.0,0.0,1.0,0.0,0.0,24.0,3996.12,4.0,3
1.0,0.0,0.0,0.0,0.0,0.0,26.0,5752.15,13.0,2
0.0,0.0,0.0,0.0,0.0,1.0,25.0,2571.45,14.0,6
1.0,0.0,0.0,0.0,0.0,1.0,29.0,2006.41,11.0,4
1.0,0.0,0.0,0.0,0.0,1.0,51.0,1365.54,14.0,5
0.0,1.0,0.0,0.0,0.0,1.0,50.0,5295.25,10.0,3
0.0,1.0,1.0,0.0,0.0,0.0,65.0,4285.24,8.0,6
0.0,1.0,0.0,1.0,0.0,0.0,40.0,3433.3,13.0,3
0.0,0.0,0.0,0.0,1.0,0.0,41.0,3835.96,15.0,8
0.0,1.0,0.0,0.0,0.0,0.0,54.0,2149.41,11.0,9
0.0,1.0,0.0,1.0,0.0,0.0,52.0,32174.5,11.0,4
0.0,0.0,0.0,0.0,1.0,0.0,61.0,3655.07,10.232291666666667,9
0.0,1.0,0.0,0.0,0.0,1.0,57.0,3631.27,5.0,7
0.0,0.0,0.0,0.0,0.0,1.0,39.0,4370.92,10.0,3
0.0,0.0,1.0,0.0,0.0,0.0,44.0,4077.21,17.0,7
1.0,0.0,1.0,0.0,0.0,0.0,52.0,3768.66,12.0,1
1.0,0.0,0.0,0.0,0.0,0.0,18.0,3742.5156666666667,11.0,3
0.0,1.0,0.0,1.0,0.0,0.0,52.0,4065.76,7.0,6
0.0,0.0,0.0,1.0,0.0,0.0,54.0,5758.43,10.0,4
1.0,0.0,0.0,0.0,0.0,1.0,64.0,3742.5156666666667,6.0,7
1.0,0.0,0.0,0.0,0.0,0.0,31.0,5411.82,10.0,3
1.0,0.0,1.0,0.0,0.0,0.0,20.0,2886.54,11.0,1
1.0,0.0,0.0,0.0,0.0,0.0,18.0,2312.47,7.0,9
0.0,1.0,0.0,0.0,0.0,1.0,22.0,3349.06,7.0,6
1.0,0.0,1.0,0.0,0.0,0.0,43.0,3566.87,5.0,8
0.0,1.0,0.0,1.0,0.0,0.0,31.0,4813.03,13.0,3
0.0,0.0,1.0,0.0,0.0,0.0,56.0,1469.04,10.0,8
0.0,1.0,0.0,0.0,0.0,1.0,44.0,5335.46,16.0,2
1.0,0.0,1.0,0.0,0.0,0.0,26.0,3310.39,5.0,4
0.0,0.0,0.0,1.0,0.0,0.0,32.0,14938.7,5.0,3
0.0,0.0,0.0,0.0,0.0,1.0,32.0,2285.47,10.0,10
0.0,1.0,0.0,0.0,1.0,0.0,43.0,1514.17,10.0,1
0.0,0.0,0.0,0.0,0.0,0.0,59.0,4487.8,8.0,7
0.0,1.0,0.0,0.0,1.0,0.0,30.0,3587.98,9.0,10
0.0,0.0,0.0,0.0,0.0,1.0,68.0,1952.05,15.0,2
0.0,1.0,0.0,0.0,0.0,1.0,49.0,1945.91,11.0,4
1.0,0.0,0.0,0.0,0.0,1.0,56.0,3097.06,13.0,9
0.0,1.0,0.0,1.0,0.0,0.0,66.0,3742.5156666666667,11.0,6
0.0,1.0,0.0,0.0,0.0,1.0,69.0,3188.49,7.0,8
1.0,0.0,0.0,0.0,0.0,0.0,49.0,1696.23,11.0,2
0.0,1.0,0.0,1.0,0.0,0.0,21.0,3205.11,5.0,7
0.0,1.0,0.0,0.0,0.0,1.0,47.0,3172.73,10.0,6
0.0,0.0,0.0,1.0,0.0,0.0,54.0,263.74,6.0,9
0.0,1.0,0.0,0.0,0.0,0.0,40.0,3434.85,13.0,7
0.0,0.0,0.0,0.0,0.0,0.0,56.0,3222.88,4.0,1
1.0,0.0,0.0,1.0,0.0,0.0,62.0,4335.45,16.0,8
0.0,0.0,1.0,0.0,0.0,0.0,32.0,5718.75,12.0,10
0.0,0.0,0.0,0.0,1.0,0.0,60.0,4851.88,10.232291666666667,3
1.0,0.0,0.0,0.0,0.0,1.0,46.0,3177.33,12.0,2
0.0,0.0,0.0,0.0,1.0,0.0,53.0,2172.17,15.0,3
1.0,0.0,0.0,0.0,0.0,0.0,30.0,6588.03,10.0,6
0.0,1.0,0.0,0.0,1.0,0.0,49.0,3571.06,8.0,3
0.0,1.0,1.0,0.0,0.0,0.0,24.0,3516.72,11.0,10
0.0,0.0,0.0,0.0,1.0,0.0,68.0,3471.05,6.0,5
0.0,1.0,0.0,0.0,1.0,0.0,39.0,3742.5156666666667,8.0,6
1.0,0.0,0.0,0.0,0.0,0.0,45.0,3326.77,11.0,8
0.0,1.0,0.0,0.0,0.0,0.0,19.0,2811.61,12.0,7
1.0,0.0,0.0,0.0,0.0,1.0,59.0,2843.77,12.0,8
0.0,1.0,0.0,1.0,0.0,0.0,62.0,3460.7,10.232291666666667,3
0.0,0.0,0.0,0.0,0.0,1.0,23.0,2847.89,9.0,4
0.0,1.0,0.0,0.0,0.0,0.0,45.0,2644.59,15.0,6
0.0,1.0,0.0,0.0,0.0,1.0,45.0,3627.72,8.0,7
0.0,1.0,0.0,0.0,1.0,0.0,61.0,3194.03,9.0,9
1.0,0.0,0.0,0.0,1.0,0.0,61.0,5304.79,12.0,1
1.0,0.0,0.0,0.0,0.0,0.0,37.0,318.84,9.0,8
0.0,0.0,0.0,0.0,0.0,0.0,47.0,4809.81,9.0,8
1.0,0.0,0.0,0.0,0.0,1.0,28.0,4995.3,15.0,6
0.0,1.0,0.0,0.0,0.0,1.0,45.0,1011.93,6.0,4
0.0,1.0,0.0,0.0,1.0,0.0,42.0,3088.77,11.0,3
1.0,0.0,0.0,1.0,0.0,0.0,56.0,3054.27,8.0,3
0.0,1.0,0.0,1.0,0.0,0.0,50.0,1810.99,9.0,6
0.0,0.0,0.0,0.0,0.0,0.0,18.0,2566.62,12.0,8
0.0,0.0,0.0,0.0,0.0,1.0,44.0,3742.5156666666667,9.0,7
1.0,0.0,0.0,1.0,0.0,0.0,69.0,5602.72,12.0,1
1.0,0.0,0.0,0.0,0.0,1.0,30.0,3742.5156666666667,10.232291666666667,6
0.0,0.0,1.0,0.0,0.0,0.0,58.0,5025.87,9.0,7
0.0,0.0,0.0,0.0,1.0,0.0,20.0,4366.01,6.0,7
1.0,0.0,0.0,0.0,0.0,1.0,56.0,2145.14,13.0,9
1.0,0.0,0.0,0.0,0.0,1.0,23.0,2870.58,8.0,10
1.0,0.0,0.0,0.0,0.0,1.0,25.0,4087.25,8.0,5
0.0,1.0,0.0,0.0,0.0,1.0,44.0,2033.45,11.0,1
1.0,0.0,0.0,0.0,0.0,1.0,26.0,4355.6,18.0,2
1.0,0.0,1.0,0.0,0.0,0.0,54.0,3211.61,9.0,4
0.0,1.0,0.0,1.0,0.0,0.0,50.0,3050.22,10.0,5
0.0,0.0,0.0,0.0,0.0,1.0,68.0,4353.15,10.0,9
1.0,0.0,0.0,0.0,0.0,0.0,59.0,4033.12,9.0,1
0.0,1.0,0.0,0.0,1.0,0.0,61.0,3066.84,7.0,3
1.0,0.0,1.0,0.0,0.0,0.0,41.0,4891.2,10.0,5
1.0,0.0,0.0,0.0,0.0,1.0,32.0,2202.72,11.0,3
0.0,1.0,1.0,0.0,0.0,0.0,49.0,4239.12,10.232291666666667,4
0.0,0.0,0.0,0.0,0.0,0.0,49.0,4211.72,10.0,3
0.0,1.0,0.0,0.0,0.0,1.0,41.0,3128.54,11.0,4
1.0,0.0,1.0,0.0,0.0,0.0,58.0,3891.36,11.0,1
0.0,0.0,0.0,1.0,0.0,0.0,69.0,1998.66,9.0,8
0.0,1.0,0.0,0.0,0.0,1.0,66.0,4608.83,10.0,4
0.0,1.0,0.0,1.0,0.0,0.0,66.0,3278.12,15.0,7
0.0,0.0,1.0,0.0,0.0,0.0,69.0,2872.73,10.0,2
1.0,0.0,0.0,0.0,0.0,1.0,29.0,4758.81,6.0,2
0.0,1.0,0.0,0.0,1.0,0.0,56.0,2654.79,6.0,6
0.0,1.0,0.0,0.0,1.0,0.0,19.0,1809.85,8.0,2
0.0,1.0,0.0,0.0,0.0,0.0,20.0,1632.04,16.0,6
1.0,0.0,0.0,0.0,0.0,1.0,66.0,4227.21,10.0,2
0.0,1.0,1.0,0.0,0.0,0.0,54.0,1963.48,11.0,4
0.0,0.0,0.0,0.0,1.0,0.0,66.0,3742.5156666666667,8.0,7
0.0,0.0,0.0,0.0,0.0,0.0,34.0,1001.68,13.0,8
0.0,1.0,0.0,0.0,0.0,1.0,66.0,3742.5156666666667,10.0,3
0.0,1.0,0.0,0.0,1.0,0.0,19.0,3753.22,13.0,9
0.0,0.0,0.0,0.0,0.0,1.0,19.0,3383.94,7.0,2
0.0,0.0,0.0,0.0,0.0,0.0,45.0,2846.1,14.0,8
0.0,1.0,1.0,0.0,0.0,0.0,40.0,3978.96,9.0,8
0.0,0.0,0.0,0.0,0.0,0.0,54.0,3454.84,12.0,4
1.0,0.0,1.0,0.0,0.0,0.0,49.0,4823.96,12.0,1
1.0,0.0,0.0,1.0,0.0,0.0,50.0,3637.07,8.0,1
1.0,0.0,0.0,0.0,1.0,0.0,18.0,3680.36,13.0,2
1.0,0.0,0.0,1.0,0.0,0.0,36.0,3063.67,8.0,9
0.0,0.0,1.0,0.0,0.0,0.0,19.0,3431.67,12.0,2
1.0,0.0,0.0,0.0,0.0,1.0,61.0,3869.36,11.0,2
0.0,1.0,1.0,0.0,0.0,0.0,43.0,1447.8,14.0,6
0.0,1.0,1.0,0.0,0.0,0.0,49.0,1882.18,5.0,7
1.0,0.0,0.0,0.0,0.0,1.0,23.0,4391.92,4.0,7
0.0,1.0,0.0,1.0,0.0,0.0,49.0,3705.04,9.0,9
1.0,0.0,0.0,0.0,1.0,0.0,21.0,3279.22,8.0,6
1.0,0.0,1.0,0.0,0.0,0.0,28.0,3522.12,10.0,8
1.0,0.0,0.0,0.0,0.0,1.0,34.0,3742.5156666666667,4.0,6
0.0,1.0,0.0,0.0,0.0,1.0,55.0,2852.29,3.0,2
0.0,1.0,1.0,0.0,0.0,0.0,41.0,2566.03,9.0,1
1.0,0.0,0.0,0.0,1.0,0.0,22.0,3735.01,7.0,5
1.0,0.0,0.0,0.0,1.0,0.0,69.0,2325.95,10.232291666666667,9
1.0,0.0,0.0,0.0,1.0,0.0,51.0,3989.9,8.0,8
1.0,0.0,0.0,0.0,0.0,1.0,23.0,1456.9,7.0,4
0.0,0.0,0.0,1.0,0.0,0.0,39.0,4734.99,9.0,5
1.0,0.0,0.0,1.0,0.0,0.0,28.0,3742.5156666666667,6.0,5
0.0,1.0,0.0,0.0,0.0,0.0,65.0,3807.24,10.0,6
1.0,0.0,0.0,0.0,0.0,1.0,33.0,4679.23,11.0,3
0.0,0.0,0.0,0.0,0.0,0.0,50.0,5498.57,7.0,5
0.0,1.0,0.0,1.0,0.0,0.0,26.0,4717.24,10.0,2
0.0,0.0,0.0,1.0,0.0,0.0,23.0,1290.95,6.0,10
1.0,0.0,0.0,1.0,0.0,0.0,33.0,1964.51,8.0,1
0.0,1.0,1.0,0.0,0.0,0.0,46.0,2750.22,8.0,1
1.0,0.0,0.0,0.0,0.0,0.0,20.0,3531.31,11.0,10
0.0,1.0,0.0,0.0,0.0,1.0,37.0,3742.5156666666667,12.0,7
0.0,1.0,0.0,0.0,0.0,0.0,53.0,2629.11,3.0,2
0.0,1.0,0.0,1.0,0.0,0.0,36.0,3724.12,12.0,4
0.0,0.0,0.0,0.0,0.0,1.0,43.0,2593.54,14.0,5
1.0,0.0,0.0,0.0,0.0,0.0,20.0,2766.18,7.0,7
0.0,0.0,0.0,1.0,0.0,0.0,36.0,1812.01,8.0,2
0.0,0.0,0.0,1.0,0.0,0.0,37.0,2392.12,9.0,6
1.0,0.0,0.0,0.0,0.0,1.0,49.0,1877.98,14.0,1
1.0,0.0,0.0,0.0,1.0,0.0,24.0,2328.95,9.0,7
1.0,0.0,0.0,0.0,0.0,1.0,69.0,23821.85,5.0,9
0.0,1.0,0.0,0.0,1.0,0.0,58.0,2360.72,10.0,5
0.0,0.0,1.0,0.0,0.0,0.0,50.0,6658.86,11.0,5
0.0,0.0,0.0,0.0,0.0,1.0,57.0,4091.98,12.0,4
0.0,0.0,0.0,0.0,1.0,0.0,56.0,3721.8,17.0,3
0.0,0.0,0.0,0.0,0.0,0.0,35.0,2469.97,8.0,9
0.0,0.0,0.0,1.0,0.0,0.0,57.0,4340.37,13.0,5
0.0,1.0,1.0,0.0,0.0,0.0,18.0,2809.23,3.0,8
1.0,0.0,0.0,0.0,0.0,1.0,28.0,3646.41,17.0,9
0.0,1.0,0.0,0.0,1.0,0.0,45.0,6572.1,9.0,5
0.0,1.0,0.0,0.0,0.0,0.0,42.0,3384.73,7.0,10
0.0,1.0,0.0,0.0,1.0,0.0,67.0,4879.13,9.0,9
1.0,0.0,0.0,0.0,0.0,1.0,40.0,2656.19,13.0,2
1.0,0.0,0.0,0.0,1.0,0.0,48.0,3458.01,7.0,9
0.0,0.0,0.0,0.0,0.0,1.0,47.0,5624.96,10.0,4
0.0,1.0,0.0,0.0,1.0,0.0,59.0,2747.64,7.0,6
0.0,0.0,0.0,1.0,0.0,0.0,52.0,5674.94,11.0,6
1.0,0.0,0.0,0.0,0.0,1.0,24.0,4349.3,6.0,6
1.0,0.0,0.0,0.0,0.0,1.0,33.0,2825.04,12.0,2
1.0,0.0,1.0,0.0,0.0,0.0,43.0,4258.89,11.0,7
1.0,0.0,0.0,1.0,0.0,0.0,65.0,4667.07,12.0,6
0.0,1.0,0.0,0.0,0.0,1.0,69.0,4246.17,15.0,1
0.0,0.0,0.0,0.0,0.0,1.0,66.0,1615.73,36.0,2
1.0,0.0,0.0,0.0,1.0,0.0,19.0,3742.5156666666667,5.0,7
0.0,0.0,0.0,0.0,0.0,0.0,18.0,3202.98,8.0,1
1.0,0.0,0.0,0.0,0.0,1.0,65.0,3410.68,8.0,1
0.0,0.0,0.0,0.0,1.0,0.0,29.0,4244.81,6.0,1
0.0,0.0,1.0,0.0,0.0,0.0,22.0,3713.24,10.0,8
1.0,0.0,0.0,0.0,0.0,1.0,54.0,1897.59,10.0,4
1.0,0.0,0.0,0.0,0.0,1.0,49.0,3956.24,18.0,4
0.0,0.0,1.0,0.0,0.0,0.0,26.0,4232.7,12.0,2
0.0,1.0,0.0,0.0,0.0,0.0,58.0,4171.75,6.0,1
1.0,0.0,1.0,0.0,0.0,0.0,52.0,4796.94,6.0,10
1.0,0.0,0.0,0.0,0.0,0.0,36.0,4500.71,13.0,9
0.0,1.0,0.0,0.0,0.0,1.0,65.0,4051.02,8.0,7
0.0,1.0,0.0,0.0,1.0,0.0,33.0,3415.8,14.0,4
1.0,0.0,0.0,1.0,0.0,0.0,20.0,1506.85,13.0,6
1.0,0.0,0.0,0.0,0.0,0.0,37.0,3742.5156666666667,9.0,2
1.0,0.0,0.0,0.0,1.0,0.0,41.0,3749.23,4.0,7
1.0,0.0,0.0,1.0,0.0,0.0,50.0,3825.89,7.0,2
0.0,0.0,0.0,1.0,0.0,0.0,41.0,1967.9,12.0,10
0.0,0.0,0.0,0.0,0.0,0.0,69.0,2202.73,16.0,8
0.0,0.0,0.0,0.0,0.0,1.0,28.0,4763.78,18.0,8
1.0,0.0,0.0,1.0,0.0,0.0,66.0,3452.53,9.0,1
0.0,0.0,1.0,0.0,0.0,0.0,25.0,4317.8,7.0,8
1.0,0.0,1.0,0.0,0.0,0.0,53.0,3742.5156666666667,11.0,2
1.0,0.0,0.0,0.0,1.0,0.0,55.0,3535.71,11.0,6
0.0,0.0,0.0,0.0,0.0,1.0,57.0,4625.94,13.0,1
1.0,0.0,1.0,0.0,0.0,0.0,37.0,2880.75,9.0,5
0.0,0.0,0.0,0.0,0.0,0.0,52.0,3615.34,7.0,7
0.0,0.0,0.0,0.0,1.0,0.0,65.0,2945.27,15.0,10
0.0,0.0,0.0,1.0,0.0,0.0,42.0,2978.6,10.232291666666667,1
0.0,0.0,1.0,0.0,0.0,0.0,52.0,3128.99,12.0,2
0.0,0.0,0.0,0.0,1.0,0.0,42.0,3766.56,6.0,7
0.0,1.0,0.0,0.0,1.0,0.0,46.0,2925.5,11.0,6
0.0,1.0,0.0,0.0,0.0,1.0,35.0,5006.91,10.0,3
0.0,1.0,0.0,1.0,0.0,0.0,63.0,2426.47,10.0,10
0.0,1.0,0.0,0.0,0.0,1.0,35.0,3275.75,4.0,2
0.0,1.0,0.0,1.0,0.0,0.0,19.0,2972.32,13.0,10
0.0,0.0,0.0,0.0,0.0,0.0,52.0,5236.37,10.0,4
1.0,0.0,0.0,0.0,1.0,0.0,33.0,3735.87,9.0,3
1.0,0.0,0.0,0.0,0.0,0.0,58.0,4738.21,14.0,7
0.0,0.0,0.0,0.0,0.0,0.0,53.0,1717.33,18.0,8
1.0,0.0,0.0,0.0,1.0,0.0,50.0,3820.46,11.0,2
1.0,0.0,0.0,1.0,0.0,0.0,21.0,4567.56,9.0,10
0.0,1.0,0.0,0.0,1.0,0.0,50.0,3598.74,16.0,7
0.0,1.0,0.0,0.0,0.0,1.0,31.0,4778.58,13.0,8
0.0,1.0,0.0,0.0,1.0,0.0,38.0,3742.5156666666667,10.0,6
1.0,0.0,0.0,0.0,1.0,0.0,65.0,5191.22,7.0,6
0.0,1.0,1.0,0.0,0.0,0.0,37.0,6258.68,12.0,10
0.0,0.0,0.0,0.0,0.0,1.0,25.0,3064.59,11.0,1
1.0,0.0,1.0,0.0,0.0,0.0,24.0,2965.4,10.0,4
1.0,0.0,0.0,1.0,0.0,0.0,20.0,5244.06,16.0,1
0.0,1.0,0.0,1.0,0.0,0.0,34.0,5395.49,11.0,4
0.0,0.0,0.0,0.0,0.0,1.0,50.0,2872.57,8.0,2
0.0,1.0,0.0,0.0,0.0,0.0,65.0,2995.78,12.0,5
0.0,1.0,0.0,0.0,1.0,0.0,29.0,3161.86,10.232291666666667,10
1.0,0.0,1.0,0.0,0.0,0.0,68.0,1886.66,10.0,9
1.0,0.0,0.0,0.0,0.0,1.0,39.0,2397.62,5.0,10
0.0,1.0,1.0,0.0,0.0,0.0,39.0,2295.03,9.0,3
1.0,0.0,0.0,0.0,1.0,0.0,63.0,2578.64,13.0,8
1.0,0.0,0.0,0.0,0.0,1.0,47.0,3458.38,9.0,3
1.0,0.0,1.0,0.0,0.0,0.0,55.0,3781.06,11.0,6
0.0,1.0,0.0,0.0,0.0,1.0,55.0,5360.6,13.0,4
1.0,0.0,0.0,0.0,1.0,0.0,62.0,2301.98,11.0,8
0.0,1.0,0.0,0.0,1.0,0.0,68.0,4681.19,11.0,6
1.0,0.0,0.0,0.0,0.0,0.0,25.0,3243.21,10.232291666666667,8
0.0,0.0,0.0,0.0,0.0,1.0,44.0,3440.64,7.0,1
1.0,0.0,0.0,0.0,1.0,0.0,44.0,3742.5156666666667,10.232291666666667,6
0.0,1.0,1.0,0.0,0.0,0.0,51.0,2152.73,14.0,1
1.0,0.0,0.0,1.0,0.0,0.0,38.0,3958.89,17.0,1
0.0,1.0,0.0,0.0,0.0,1.0,47.0,3699.74,9.0,8
0.0,1.0,1.0,0.0,0.0,0.0,50.0,4090.94,10.0,7
1.0,0.0,0.0,0.0,0.0,0.0,45.0,3847.0,8.0,3
0.0,1.0,0.0,0.0,0.0,0.0,64.0,6446.36,15.0,6
1.0,0.0,0.0,0.0,1.0,0.0,50.0,2734.71,13.0,9
0.0,0.0,0.0,0.0,0.0,0.0,22.0,2862.8,10.0,7
0.0,1.0,0.0,1.0,0.0,0.0,65.0,13761.15,11.0,3
0.0,1.0,1.0,0.0,0.0,0.0,36.0,2833.43,10.232291666666667,6
0.0,1.0,0.0,0.0,0.0,1.0,21.0,2735.14,7.0,4
0.0,1.0,0.0,0.0,1.0,0.0,52.0,4926.82,10.0,3
0.0,0.0,0.0,0.0,0.0,1.0,66.0,5204.61,8.0,9
0.0,0.0,1.0,0.0,0.0,0.0,34.0,2815.1,13.0,10
1.0,0.0,0.0,1.0,0.0,0.0,61.0,2501.17,10.0,2
0.0,1.0,1.0,0.0,0.0,0.0,45.0,4065.7,9.0,1
0.0,1.0,1.0,0.0,0.0,0.0,47.0,3742.5156666666667,6.0,2
0.0,0.0,0.0,0.0,1.0,0.0,46.0,21297.6,10.0,7
1.0,0.0,0.0,0.0,0.0,1.0,63.0,3743.51,20.0,10
0.0,0.0,1.0,0.0,0.0,0.0,23.0,1681.11,8.0,1
0.0,0.0,1.0,0.0,0.0,0.0,52.0,5357.01,7.0,6
1.0,0.0,0.0,1.0,0.0,0.0,58.0,5655.05,7.0,7
0.0,1.0,0.0,0.0,0.0,0.0,54.0,2764.65,9.0,9
0.0,1.0,0.0,1.0,0.0,0.0,41.0,3034.76,8.0,8
0.0,0.0,0.0,0.0,0.0,1.0,46.0,3843.04,13.0,6
0.0,0.0,0.0,0.0,0.0,1.0,66.0,3901.35,9.0,3
0.0,0.0,0.0,0.0,1.0,0.0,63.0,4290.25,13.0,8
1.0,0.0,0.0,0.0,0.0,0.0,48.0,5912.25,11.0,7
1.0,0.0,0.0,0.0,0.0,1.0,52.0,3287.66,12.0,3
0.0,0.0,0.0,0.0,0.0,0.0,50.0,2542.04,13.0,9
0.0,1.0,0.0,1.0,0.0,0.0,69.0,1844.82,17.0,2
0.0,1.0,0.0,0.0,0.0,1.0,38.0,2622.88,10.232291666666667,3
1.0,0.0,1.0,0.0,0.0,0.0,49.0,3460.25,8.0,2
1.0,0.0,0.0,0.0,0.0,1.0,40.0,5653.47,13.0,1
0.0,1.0,0.0,0.0,0.0,0.0,50.0,2878.87,10.0,4
1.0,0.0,0.0,0.0,0.0,1.0,20.0,3768.55,9.0,5
0.0,1.0,0.0,0.0,1.0,0.0,35.0,3480.29,13.0,6
0.0,0.0,1.0,0.0,0.0,0.0,42.0,4926.07,12.0,5
1.0,0.0,0.0,0.0,1.0,0.0,59.0,3742.5156666666667,15.0,1
0.0,0.0,0.0,1.0,0.0,0.0,48.0,2862.96,8.0,3
1.0,0.0,0.0,0.0,0.0,1.0,20.0,3742.5156666666667,10.232291666666667,1
1.0,0.0,0.0,0.0,0.0,1.0,57.0,4752.99,12.0,5
0.0,0.0,0.0,1.0,0.0,0.0,63.0,4318.27,17.0,5
0.0,0.0,0.0,0.0,1.0,0.0,41.0,5716.05,9.0,6
1.0,0.0,1.0,0.0,0.0,0.0,67.0,4200.71,9.0,8
0.0,0.0,0.0,0.0,1.0,0.0,49.0,3068.85,14.0,10
0.0,1.0,0.0,0.0,0.0,0.0,64.0,4208.79,9.0,1
0.0,1.0,0.0,0.0,1.0,0.0,39.0,4830.44,10.232291666666667,4
0.0,0.0,1.0,0.0,0.0,0.0,40.0,4484.58,6.0,10
0.0,1.0,0.0,0.0,0.0,1.0,19.0,4108.73,6.0,1
0.0,1.0,0.0,0.0,1.0,0.0,44.0,4780.01,8.0,9
0.0,1.0,0.0,1.0,0.0,0.0,59.0,4903.15,7.0,7
1.0,0.0,1.0,0.0,0.0,0.0,19.0,5158.59,11.0,7
0.0,1.0,0.0,0.0,0.0,1.0,43.0,4278.45,15.0,5
0.0,1.0,1.0,0.0,0.0,0.0,34.0,3299.46,12.0,7
0.0,0.0,0.0,1.0,0.0,0.0,57.0,3676.06,10.0,2
0.0,1.0,0.0,0.0,0.0,0.0,50.0,4947.81,8.0,4
1.0,0.0,1.0,0.0,0.0,0.0,26.0,2519.68,11.0,7
1.0,0.0,1.0,0.0,0.0,0.0,60.0,3942.41,12.0,3
0.0,0.0,0.0,0.0,1.0,0.0,65.0,3027.99,8.0,2
1.0,0.0,0.0,1.0,0.0,0.0,56.0,3534.49,12.0,10
1.0,0.0,0.0,1.0,0.0,0.0,46.0,5034.14,12.0,2
0.0,1.0,0.0,0.0,0.0,0.0,59.0,3729.32,7.0,1
0.0,1.0,0.0,1.0,0.0,0.0,43.0,3555.72,12.0,5
1.0,0.0,0.0,0.0,0.0,1.0,52.0,1868.17,8.0,6
0.0,0.0,0.0,0.0,0.0,0.0,67.0,4395.5,4.0,6
0.0,0.0,0.0,1.0,0.0,0.0,42.0,4274.58,5.0,9
0.0,1.0,0.0,0.0,0.0,0.0,41.0,6095.91,12.0,4
1.0,0.0,0.0,1.0,0.0,0.0,30.0,3130.67,9.0,1
0.0,1.0,0.0,1.0,0.0,0.0,24.0,3762.98,9.0,6
0.0,0.0,0.0,0.0,1.0,0.0,53.0,3799.26,7.0,5
1.0,0.0,0.0,1.0,0.0,0.0,62.0,5392.94,8.0,10
0.0,1.0,0.0,0.0,0.0,0.0,37.0,3385.65,11.0,6
0.0,1.0,1.0,0.0,0.0,0.0,18.0,3834.83,8.0,3
0.0,0.0,0.0,0.0,1.0,0.0,25.0,4229.48,11.0,2
0.0,1.0,0.0,1.0,0.0,0.0,63.0,3723.93,11.0,6
0.0,0.0,0.0,1.0,0.0,0.0,33.0,2964.28,7.0,1
0.0,0.0,0.0,0.0,0.0,0.0,31.0,3732.91,12.0,7
1.0,0.0,0.0,0.0,1.0,0.0,29.0,4788.36,8.0,7
1.0,0.0,0.0,1.0,0.0,0.0,68.0,2268.18,17.0,10
0.0,1.0,1.0,0.0,0.0,0.0,40.0,3659.56,7.0,7
0.0,0.0,1.0,0.0,0.0,0.0,32.0,2659.86,12.0,10
0.0,0.0,0.0,1.0,0.0,0.0,45.0,4934.06,9.0,1
1.0,0.0,1.0,0.0,0.0,0.0,51.0,1672.18,11.0,4
1.0,0.0,0.0,0.0,1.0,0.0,19.0,2829.29,36.0,7
0.0,0.0,0.0,1.0,0.0,0.0,49.0,3952.65,7.0,9
1.0,0.0,0.0,0.0,0.0,0.0,40.0,5378.63,21.0,5
0.0,1.0,0.0,0.0,1.0,0.0,39.0,3421.1,5.0,2
0.0,0.0,1.0,0.0,0.0,0.0,68.0,2833.76,15.0,7
1.0,0.0,0.0,1.0,0.0,0.0,42.0,5757.39,7.0,10
0.0,1.0,0.0,0.0,1.0,0.0,39.0,1762.38,12.0,1
0.0,0.0,1.0,0.0,0.0,0.0,39.0,3742.5156666666667,11.0,7
0.0,1.0,0.0,1.0,0.0,0.0,66.0,4028.02,11.0,6
0.0,1.0,0.0,0.0,0.0,1.0,69.0,2897.53,12.0,7
0.0,0.0,0.0,0.0,0.0,0.0,59.0,2274.52,7.0,10
0.0,1.0,1.0,0.0,0.0,0.0,23.0,4350.03,12.0,3
1.0,0.0,1.0,0.0,0.0,0.0,32.0,3792.56,7.0,3
1.0,0.0,0.0,0.0,0.0,1.0,60.0,2823.11,8.0,7
1.0,0.0,0.0,0.0,0.0,1.0,54.0,3742.5156666666667,4.0,2
0.0,1.0,0.0,0.0,1.0,0.0,50.0,4546.95,12.0,1
1.0,0.0,0.0,0.0,0.0,0.0,25.0,4280.24,12.0,9
0.0,1.0,0.0,0.0,0.0,0.0,61.0,3380.99,16.0,9
1.0,0.0,1.0,0.0,0.0,0.0,61.0,5715.96,7.0,7
0.0,0.0,0.0,0.0,0.0,1.0,22.0,2215.9,12.0,7
0.0,1.0,0.0,0.0,0.0,0.0,56.0,1669.37,10.0,3
0.0,1.0,0.0,1.0,0.0,0.0,21.0,2669.71,9.0,10
1.0,0.0,0.0,0.0,0.0,0.0,23.0,3445.3,11.0,2
0.0,0.0,1.0,0.0,0.0,0.0,62.0,3792.01,8.0,7
1.0,0.0,0.0,0.0,0.0,0.0,49.0,3210.52,13.0,9
1.0,0.0,0.0,0.0,1.0,0.0,69.0,3922.47,11.0,1
0.0,0.0,0.0,0.0,0.0,1.0,47.0,1998.15,12.0,4
0.0,0.0,1.0,0.0,0.0,0.0,64.0,5232.52,9.0,6
1.0,0.0,1.0,0.0,0.0,0.0,52.0,3401.42,16.0,7
0.0,0.0,0.0,0.0,0.0,1.0,57.0,4840.75,13.0,10
1.0,0.0,0.0,0.0,0.0,1.0,69.0,3911.27,9.0,7
0.0,1.0,0.0,0.0,0.0,1.0,33.0,4048.1,8.0,10
1.0,0.0,1.0,0.0,0.0,0.0,30.0,4183.72,16.0,2
0.0,1.0,0.0,0.0,0.0,1.0,67.0,4037.25,13.0,4
1.0,0.0,0.0,0.0,0.0,1.0,59.0,4271.27,11.0,5
0.0,0.0,1.0,0.0,0.0,0.0,47.0,5094.98,6.0,1
0.0,1.0,1.0,0.0,0.0,0.0,36.0,3735.83,4.0,1
0.0,0.0,0.0,0.0,1.0,0.0,34.0,4350.8,13.0,10
0.0,1.0,0.0,0.0,0.0,0.0,36.0,3392.32,5.0,3
0.0,1.0,0.0,1.0,0.0,0.0,45.0,5228.14,8.0,10
1.0,0.0,1.0,0.0,0.0,0.0,43.0,2688.33,10.0,3
1.0,0.0,0.0,1.0,0.0,0.0,54.0,5661.13,9.0,8
1.0,0.0,0.0,0.0,1.0,0.0,43.0,3742.5156666666667,13.0,9
1.0,0.0,0.0,0.0,0.0,0.0,40.0,1783.07,10.232291666666667,1
0.0,0.0,0.0,0.0,0.0,0.0,26.0,3653.73,8.0,2
1.0,0.0,0.0,0.0,0.0,0.0,29.0,2682.74,16.0,10
1.0,0.0,0.0,0.0,1.0,0.0,18.0,4508.77,5.0,2
0.0,1.0,0.0,0.0,0.0,1.0,18.0,2716.85,10.0,4
0.0,0.0,0.0,0.0,0.0,1.0,64.0,2964.58,7.0,2
0.0,0.0,0.0,0.0,0.0,0.0,51.0,1232.55,9.0,7
0.0,1.0,0.0,0.0,1.0,0.0,49.0,2957.23,6.0,9
0.0,1.0,0.0,0.0,0.0,1.0,65.0,591.34,7.0,7
1.0,0.0,0.0,0.0,0.0,0.0,42.0,1599.32,6.0,6
0.0,0.0,0.0,0.0,0.0,0.0,57.0,4412.5,12.0,10
1.0,0.0,0.0,0.0,0.0,1.0,62.0,22214.8,10.0,1
0.0,1.0,1.0,0.0,0.0,0.0,18.0,4010.55,5.0,10
1.0,0.0,1.0,0.0,0.0,0.0,33.0,2339.63,7.0,9
0.0,0.0,0.0,0.0,0.0,0.0,56.0,3442.75,5.0,5
1.0,0.0,0.0,1.0,0.0,0.0,22.0,3495.68,10.0,5
0.0,0.0,0.0,0.0,0.0,1.0,39.0,2109.96,7.0,6
1.0,0.0,0.0,0.0,0.0,1.0,46.0,5304.08,9.0,9
1.0,0.0,0.0,1.0,0.0,0.0,20.0,4552.83,11.0,8
0.0,0.0,0.0,0.0,0.0,1.0,29.0,3234.84,9.0,8
0.0,0.0,0.0,0.0,1.0,0.0,43.0,3532.26,10.0,8
0.0,0.0,0.0,0.0,0.0,1.0,33.0,3750.06,12.0,1
1.0,0.0,0.0,0.0,0.0,1.0,68.0,1049.92,10.0,1
1.0,0.0,0.0,0.0,0.0,1.0,54.0,3203.39,14.0,8
1.0,0.0,1.0,0.0,0.0,0.0,39.0,2681.62,10.0,5
0.0,1.0,0.0,0.0,1.0,0.0,46.0,2298.06,11.0,9
1.0,0.0,0.0,0.0,0.0,1.0,31.0,3162.68,8.0,2
0.0,0.0,0.0,0.0,1.0,0.0,45.0,5657.22,12.0,9
0.0,0.0,0.0,0.0,1.0,0.0,22.0,4269.01,9.0,8
0.0,0.0,0.0,0.0,1.0,0.0,64.0,2814.59,7.0,9
1.0,0.0,0.0,1.0,0.0,0.0,66.0,4187.1,9.0,4
0.0,0.0,0.0,0.0,0.0,1.0,47.0,5179.23,13.0,1
0.0,0.0,1.0,0.0,0.0,0.0,63.0,4609.56,10.0,1
0.0,1.0,1.0,0.0,0.0,0.0,69.0,3571.56,11.0,5
0.0,1.0,1.0,0.0,0.0,0.0,22.0,2723.68,7.0,2
0.0,0.0,1.0,0.0,0.0,0.0,29.0,4337.87,12.0,8
0.0,1.0,0.0,0.0,0.0,1.0,33.0,3972.18,14.0,10
0.0,1.0,1.0,0.0,0.0,0.0,43.0,4574.23,8.0,5
0.0,0.0,0.0,0.0,1.0,0.0,43.0,4262.21,9.0,5
1.0,0.0,0.0,1.0,0.0,0.0,65.0,4759.46,10.0,2
1.0,0.0,0.0,0.0,0.0,0.0,38.0,3742.5156666666667,9.0,7
0.0,0.0,1.0,0.0,0.0,0.0,56.0,5080.87,15.0,8
1.0,0.0,0.0,0.0,0.0,0.0,53.0,3737.12,9.0,10
0.0,1.0,0.0,0.0,0.0,0.0,50.0,5990.31,19.0,1
0.0,0.0,0.0,0.0,0.0,1.0,47.0,2672.97,11.0,2
1.0,0.0,0.0,0.0,1.0,0.0,54.0,5583.16,9.0,10
1.0,0.0,1.0,0.0,0.0,0.0,40.0,3737.49,11.0,4
0.0,1.0,0.0,0.0,0.0,1.0,27.0,2718.3,28.0,5
0.0,0.0,0.0,0.0,1.0,0.0,22.0,2919.34,36.0,2
0.0,0.0,0.0,0.0,0.0,1.0,53.0,3115.58,9.0,1
0.0,1.0,1.0,0.0,0.0,0.0,51.0,4009.0,12.0,9
0.0,0.0,0.0,0.0,1.0,0.0,69.0,4127.4,12.0,1
0.0,0.0,0.0,0.0,0.0,0.0,48.0,2811.56,7.0,4
0.0,1.0,0.0,0.0,1.0,0.0,27.0,3470.77,10.0,2
0.0,1.0,0.0,0.0,1.0,0.0,36.0,6070.72,10.0,4
1.0,0.0,1.0,0.0,0.0,0.0,49.0,5573.05,13.0,8
0.0,0.0,0.0,0.0,0.0,0.0,18.0,4023.59,13.0,8
0.0,1.0,0.0,0.0,0.0,0.0,22.0,3545.6,6.0,9
1.0,0.0,0.0,1.0,0.0,0.0,62.0,3644.04,11.0,5
0.0,0.0,0.0,1.0,0.0,0.0,21.0,4236.22,6.0,7
1.0,0.0,0.0,0.0,0.0,1.0,33.0,2272.65,11.0,3
0.0,1.0,0.0,1.0,0.0,0.0,41.0,3191.15,15.0,10
0.0,0.0,1.0,0.0,0.0,0.0,33.0,1497.7,11.0,4
1.0,0.0,0.0,0.0,1.0,0.0,19.0,3979.07,10.0,10
0.0,1.0,0.0,0.0,0.0,0.0,66.0,4276.64,8.0,9
0.0,1.0,0.0,0.0,1.0,0.0,45.0,3742.5156666666667,8.0,10
0.0,1.0,0.0,0.0,0.0,1.0,49.0,5388.78,7.0,10
0.0,1.0,0.0,0.0,1.0,0.0,44.0,2029.08,15.0,1
0.0,1.0,0.0,0.0,0.0,0.0,37.0,1742.75,7.0,2
0.0,1.0,0.0,1.0,0.0,0.0,41.0,3769.34,12.0,5
0.0,1.0,0.0,0.0,0.0,1.0,29.0,4756.52,13.0,3
1.0,0.0,0.0,0.0,0.0,0.0,67.0,5520.71,13.0,2
0.0,0.0,0.0,0.0,0.0,0.0,52.0,2949.34,12.0,1
0.0,0.0,0.0,0.0,0.0,0.0,50.0,4794.42,16.0,10
1.0,0.0,0.0,0.0,0.0,0.0,50.0,3453.79,8.0,3
0.0,1.0,1.0,0.0,0.0,0.0,68.0,3292.85,7.0,1
0.0,0.0,0.0,0.0,0.0,0.0,60.0,4560.39,7.0,1
0.0,1.0,0.0,0.0,0.0,1.0,54.0,4282.79,8.0,1
0.0,0.0,0.0,0.0,0.0,1.0,29.0,1608.33,13.0,8
0.0,1.0,0.0,1.0,0.0,0.0,20.0,5271.85,5.0,3
1.0,0.0,0.0,0.0,1.0,0.0,18.0,5156.11,9.0,1
0.0,1.0,0.0,0.0,1.0,0.0,50.0,2749.32,7.0,7
0.0,0.0,0.0,0.0,1.0,0.0,57.0,3974.96,15.0,10
0.0,1.0,0.0,0.0,1.0,0.0,27.0,4092.84,7.0,3
0.0,0.0,1.0,0.0,0.0,0.0,60.0,3812.81,4.0,8
0.0,1.0,0.0,1.0,0.0,0.0,61.0,2839.63,12.0,4
0.0,0.0,0.0,1.0,0.0,0.0,46.0,2694.05,7.0,4
0.0,0.0,0.0,0.0,0.0,0.0,30.0,3469.34,9.0,5
0.0,0.0,0.0,0.0,0.0,1.0,29.0,4907.27,13.0,6
0.0,1.0,1.0,0.0,0.0,0.0,48.0,3742.5156666666667,8.0,7
0.0,0.0,0.0,1.0,0.0,0.0,63.0,3055.26,7.0,4
0.0,1.0,1.0,0.0,0.0,0.0,19.0,4426.04,10.232291666666667,8
1.0,0.0,1.0,0.0,0.0,0.0,68.0,81.75,13.0,6
1.0,0.0,0.0,0.0,0.0,0.0,67.0,4878.52,11.0,1
0.0,0.0,0.0,1.0,0.0,0.0,52.0,1412.34,14.0,1
0.0,1.0,0.0,0.0,0.0,1.0,40.0,3065.07,13.0,9
0.0,0.0,0.0,0.0,0.0,1.0,34.0,2156.4,12.0,10
0.0,1.0,0.0,0.0,0.0,1.0,43.0,1946.38,7.0,6
0.0,1.0,0.0,0.0,1.0,0.0,25.0,4892.99,8.0,10
1.0,0.0,0.0,1.0,0.0,0.0,46.0,2938.76,52.0,8
0.0,1.0,0.0,0.0,0.0,1.0,43.0,3915.8,11.0,7
0.0,1.0,0.0,0.0,1.0,0.0,27.0,3443.7,9.0,6
0.0,0.0,0.0,0.0,1.0,0.0,43.0,4072.45,12.0,4
0.0,0.0,0.0,0.0,0.0,0.0,51.0,3592.19,16.0,7
0.0,1.0,0.0,0.0,0.0,0.0,68.0,1960.41,10.0,9
1.0,0.0,1.0,0.0,0.0,0.0,58.0,4695.52,12.0,10
0.0,0.0,1.0,0.0,0.0,0.0,24.0,2907.49,8.0,10
0.0,0.0,0.0,1.0,0.0,0.0,21.0,1632.1,11.0,7
1.0,0.0,0.0,1.0,0.0,0.0,67.0,2986.26,9.0,1
0.0,0.0,0.0,0.0,0.0,0.0,62.0,5300.91,14.0,10
0.0,1.0,1.0,0.0,0.0,0.0,28.0,4520.27,10.232291666666667,9
0.0,1.0,1.0,0.0,0.0,0.0,46.0,3081.62,18.0,4
0.0,1.0,0.0,0.0,1.0,0.0,53.0,3080.89,10.0,3
0.0,0.0,0.0,0.0,0.0,1.0,42.0,3114.04,6.0,4
0.0,0.0,0.0,0.0,0.0,1.0,38.0,5992.1,8.0,4
0.0,0.0,0.0,0.0,0.0,1.0,53.0,3958.32,11.0,10
0.0,0.0,0.0,0.0,0.0,0.0,27.0,4016.05,9.0,2
0.0,1.0,0.0,0.0,0.0,1.0,54.0,4736.34,5.0,1
1.0,0.0,0.0,0.0,0.0,1.0,26.0,3786.55,10.232291666666667,10
0.0,1.0,0.0,0.0,1.0,0.0,41.0,3189.15,10.232291666666667,1
0.0,0.0,0.0,0.0,0.0,1.0,52.0,3264.38,8.0,8
0.0,1.0,0.0,0.0,0.0,0.0,66.0,3414.08,15.0,2
1.0,0.0,1.0,0.0,0.0,0.0,52.0,3455.33,14.0,10
0.0,1.0,0.0,0.0,1.0,0.0,65.0,4373.16,8.0,5
1.0,0.0,0.0,0.0,0.0,1.0,53.0,3562.34,5.0,4
0.0,0.0,1.0,0.0,0.0,0.0,35.0,4379.17,4.0,8
0.0,1.0,0.0,0.0,0.0,1.0,66.0,3403.14,7.0,2
0.0,1.0,0.0,0.0,0.0,1.0,56.0,3594.36,8.0,10
0.0,1.0,0.0,0.0,0.0,1.0,49.0,1102.16,6.0,9
0.0,1.0,0.0,0.0,0.0,0.0,41.0,4599.59,19.0,7
0.0,0.0,0.0,0.0,1.0,0.0,40.0,3915.79,8.0,7
1.0,0.0,1.0,0.0,0.0,0.0,49.0,4697.61,8.0,1
1.0,0.0,0.0,1.0,0.0,0.0,54.0,24.49,7.0,2
0.0,1.0,0.0,0.0,0.0,1.0,29.0,6006.05,7.0,4
0.0,0.0,0.0,0.0,0.0,1.0,66.0,3332.49,12.0,4
1.0,0.0,0.0,0.0,0.0,1.0,30.0,4829.82,7.0,3
1.0,0.0,1.0,0.0,0.0,0.0,40.0,2252.11,6.0,7
1.0,0.0,0.0,1.0,0.0,0.0,42.0,4235.33,14.0,8
1.0,0.0,0.0,0.0,1.0,0.0,52.0,2235.9,5.0,2
1.0,0.0,0.0,1.0,0.0,0.0,58.0,2751.48,10.232291666666667,4
1.0,0.0,0.0,1.0,0.0,0.0,47.0,5796.84,13.0,3
0.0,0.0,0.0,0.0,1.0,0.0,34.0,3271.18,11.0,2
0.0,1.0,0.0,0.0,1.0,0.0,66.0,3760.92,6.0,6
1.0,0.0,0.0,0.0,1.0,0.0,37.0,4544.08,8.0,4
0.0,0.0,1.0,0.0,0.0,0.0,65.0,4094.82,5.0,6
0.0,0.0,1.0,0.0,0.0,0.0,42.0,3680.5,8.0,2
0.0,1.0,0.0,0.0,0.0,1.0,39.0,3937.95,10.0,4
0.0,1.0,0.0,0.0,0.0,1.0,30.0,6384.1,11.0,6
1.0,0.0,0.0,1.0,0.0,0.0,36.0,17154.3,8.0,5
0.0,1.0,0.0,1.0,0.0,0.0,66.0,3741.32,15.0,3
0.0,1.0,0.0,0.0,0.0,1.0,53.0,4760.79,7.0,8
0.0,0.0,0.0,0.0,0.0,0.0,29.0,4826.63,12.0,7
0.0,0.0,0.0,1.0,0.0,0.0,58.0,4924.44,10.0,3
0.0,0.0,0.0,0.0,0.0,0.0,36.0,4266.48,9.0,6
1.0,0.0,0.0,0.0,0.0,0.0,29.0,2128.39,9.0,4
1.0,0.0,0.0,0.0,1.0,0.0,26.0,5460.12,9.0,5
0.0,1.0,1.0,0.0,0.0,0.0,24.0,2124.39,6.0,5
0.0,1.0,0.0,0.0,0.0,1.0,45.0,3863.16,17.0,7
1.0,0.0,1.0,0.0,0.0,0.0,31.0,2594.87,11.0,5
1.0,0.0,0.0,0.0,0.0,1.0,48.0,3742.5156666666667,10.0,3
0.0,0.0,1.0,0.0,0.0,0.0,69.0,3894.51,7.0,10
1.0,0.0,0.0,0.0,0.0,1.0,36.0,3885.63,10.232291666666667,5
1.0,0.0,1.0,0.0,0.0,0.0,64.0,4006.3,6.0,7
0.0,1.0,0.0,0.0,1.0,0.0,33.0,5436.45,7.0,5
0.0,1.0,0.0,0.0,0.0,0.0,22.0,4044.24,7.0,5
0.0,0.0,0.0,0.0,0.0,1.0,52.0,3207.01,13.0,9
1.0,0.0,0.0,0.0,0.0,0.0,29.0,4656.9,11.0,3
0.0,1.0,0.0,0.0,0.0,1.0,42.0,4927.36,9.0,6
1.0,0.0,0.0,0.0,0.0,1.0,69.0,2026.87,9.0,1
1.0,0.0,0.0,0.0,1.0,0.0,38.0,4216.88,10.0,10
0.0,0.0,1.0,0.0,0.0,0.0,53.0,4341.41,13.0,5
1.0,0.0,0.0,0.0,0.0,1.0,40.0,3142.92,12.0,8
0.0,0.0,1.0,0.0,0.0,0.0,33.0,5150.85,10.232291666666667,5
0.0,1.0,0.0,0.0,1.0,0.0,56.0,3319.93,13.0,9
0.0,1.0,0.0,1.0,0.0,0.0,62.0,3650.69,12.0,6
0.0,1.0,0.0,0.0,0.0,0.0,59.0,3292.31,10.0,8
0.0,1.0,0.0,0.0,0.0,1.0,56.0,3518.69,5.0,10
0.0,0.0,0.0,0.0,1.0,0.0,31.0,2184.47,15.0,8
0.0,0.0,1.0,0.0,0.0,0.0,48.0,1771.94,8.0,3
0.0,1.0,0.0,0.0,0.0,1.0,22.0,5413.41,10.0,7
0.0,1.0,1.0,0.0,0.0,0.0,52.0,2483.65,13.0,7
0.0,1.0,0.0,1.0,0.0,0.0,40.0,2310.33,10.232291666666667,10
0.0,0.0,0.0,0.0,0.0,1.0,46.0,915.93,13.0,6
0.0,1.0,0.0,0.0,0.0,0.0,60.0,2733.25,13.0,7
0.0,0.0,0.0,0.0,0.0,1.0,28.0,1912.29,10.232291666666667,2
1.0,0.0,0.0,0.0,0.0,0.0,35.0,5470.42,10.0,9
0.0,1.0,1.0,0.0,0.0,0.0,64.0,4711.78,10.232291666666667,10
0.0,0.0,0.0,0.0,0.0,1.0,29.0,2674.22,10.0,10
0.0,0.0,0.0,0.0,0.0,1.0,26.0,6202.92,14.0,1
0.0,0.0,0.0,0.0,1.0,0.0,27.0,4678.12,7.0,1
1.0,0.0,0.0,1.0,0.0,0.0,61.0,3110.2,12.0,3
0.0,1.0,0.0,0.0,1.0,0.0,34.0,500.71,11.0,3
0.0,0.0,0.0,1.0,0.0,0.0,55.0,6249.13,6.0,1
0.0,1.0,1.0,0.0,0.0,0.0,24.0,1832.51,13.0,7
0.0,0.0,0.0,0.0,0.0,0.0,63.0,1525.52,12.0,4
0.0,1.0,1.0,0.0,0.0,0.0,30.0,4727.08,10.232291666666667,10
1.0,0.0,0.0,0.0,0.0,0.0,57.0,6427.7,12.0,2
0.0,0.0,0.0,0.0,0.0,0.0,59.0,5161.13,10.232291666666667,10
0.0,0.0,0.0,1.0,0.0,0.0,26.0,4176.69,4.0,5
1.0,0.0,0.0,0.0,1.0,0.0,67.0,4213.71,13.0,6
0.0,1.0,0.0,0.0,1.0,0.0,44.0,4524.1,13.0,9
0.0,0.0,0.0,1.0,0.0,0.0,19.0,3742.5156666666667,8.0,4
1.0,0.0,0.0,1.0,0.0,0.0,22.0,3837.43,10.232291666666667,2
0.0,0.0,1.0,0.0,0.0,0.0,46.0,3625.04,11.0,5
0.0,0.0,0.0,1.0,0.0,0.0,54.0,3424.89,8.0,3
0.0,0.0,0.0,0.0,1.0,0.0,55.0,2595.24,12.0,2
0.0,1.0,0.0,1.0,0.0,0.0,36.0,3163.19,12.0,1
1.0,0.0,0.0,1.0,0.0,0.0,25.0,1468.45,8.0,10
1.0,0.0,0.0,0.0,0.0,0.0,65.0,3381.99,9.0,2
1.0,0.0,0.0,1.0,0.0,0.0,62.0,2313.69,8.0,6
1.0,0.0,1.0,0.0,0.0,0.0,18.0,2175.69,16.0,8
0.0,0.0,0.0,1.0,0.0,0.0,39.0,3715.87,9.0,3
0.0,1.0,0.0,0.0,0.0,1.0,69.0,5170.4,4.0,9
1.0,0.0,0.0,0.0,0.0,1.0,34.0,4601.98,6.0,9
0.0,1.0,0.0,0.0,0.0,0.0,24.0,1615.4,10.232291666666667,2
1.0,0.0,0.0,0.0,0.0,0.0,42.0,2312.45,7.0,8
1.0,0.0,0.0,0.0,0.0,1.0,62.0,3742.5156666666667,13.0,10
0.0,0.0,0.0,0.0,0.0,0.0,21.0,2321.02,13.0,5
0.0,0.0,0.0,0.0,0.0,0.0,53.0,3230.44,12.0,4
0.0,0.0,0.0,0.0,0.0,1.0,23.0,4160.06,9.0,10
0.0,1.0,0.0,0.0,1.0,0.0,48.0,2337.99,8.0,5
0.0,0.0,0.0,1.0,0.0,0.0,36.0,3626.45,8.0,4
0.0,0.0,0.0,0.0,0.0,1.0,61.0,1899.17,7.0,8
1.0,0.0,1.0,0.0,0.0,0.0,56.0,2778.36,9.0,4
1.0,0.0,0.0,0.0,0.0,1.0,44.0,3883.74,10.232291666666667,10
0.0,0.0,0.0,0.0,0.0,1.0,27.0,7942.05,10.0,6
0.0,0.0,0.0,0.0,1.0,0.0,43.0,4028.57,10.0,2
0.0,1.0,0.0,0.0,1.0,0.0,36.0,3476.43,11.0,5
0.0,1.0,0.0,0.0,0.0,0.0,56.0,4162.99,6.0,6
1.0,0.0,1.0,0.0,0.0,0.0,20.0,3768.7,10.0,5
0.0,1.0,0.0,0.0,0.0,1.0,62.0,5136.97,8.0,2
0.0,0.0,0.0,0.0,0.0,0.0,30.0,3650.27,13.0,7
0.0,0.0,0.0,0.0,0.0,1.0,67.0,2984.71,9.0,4
1.0,0.0,0.0,0.0,1.0,0.0,45.0,3646.76,13.0,8
0.0,0.0,0.0,0.0,0.0,1.0,37.0,4151.96,11.0,7
0.0,0.0,0.0,0.0,0.0,1.0,45.0,3558.63,7.0,7
0.0,0.0,1.0,0.0,0.0,0.0,25.0,3548.71,11.0,9
0.0,0.0,1.0,0.0,0.0,0.0,58.0,2657.61,10.0,1
0.0,1.0,0.0,0.0,1.0,0.0,56.0,2704.52,6.0,10
0.0,1.0,0.0,0.0,1.0,0.0,18.0,1816.87,9.0,6
0.0,1.0,1.0,0.0,0.0,0.0,20.0,5599.49,3.0,6
0.0,1.0,1.0,0.0,0.0,0.0,30.0,3742.5156666666667,10.232291666666667,6
0.0,1.0,0.0,0.0,0.0,0.0,45.0,2668.51,7.0,6
1.0,0.0,0.0,0.0,0.0,0.0,66.0,2637.91,7.0,10
0.0,0.0,0.0,0.0,0.0,0.0,42.0,4573.91,9.0,7
1.0,0.0,0.0,0.0,0.0,1.0,50.0,3146.06,13.0,10
0.0,0.0,0.0,0.0,0.0,1.0,55.0,4997.29,8.0,6
0.0,0.0,0.0,0.0,0.0,0.0,23.0,2691.81,13.0,1
0.0,0.0,0.0,0.0,0.0,0.0,61.0,3834.79,7.0,3
1.0,0.0,1.0,0.0,0.0,0.0,62.0,2497.58,10.0,2
0.0,0.0,0.0,0.0,0.0,1.0,49.0,6074.18,14.0,6
0.0,0.0,0.0,0.0,0.0,0.0,62.0,2074.88,9.0,8
0.0,1.0,0.0,1.0,0.0,0.0,64.0,3871.78,13.0,3
0.0,1.0,0.0,0.0,1.0,0.0,38.0,4260.53,10.0,10
0.0,0.0,0.0,0.0,0.0,0.0,33.0,3742.5156666666667,16.0,8
0.0,1.0,0.0,0.0,0.0,1.0,38.0,3277.65,16.0,8
1.0,0.0,0.0,0.0,0.0,0.0,28.0,3344.22,10.0,5
0.0,0.0,0.0,1.0,0.0,0.0,54.0,3552.57,10.0,8
1.0,0.0,0.0,0.0,0.0,1.0,53.0,3323.6,6.0,6
0.0,1.0,0.0,0.0,0.0,1.0,52.0,4656.65,19.0,5
0.0,1.0,1.0,0.0,0.0,0.0,36.0,6152.63,12.0,9
1.0,0.0,0.0,0.0,1.0,0.0,37.0,2831.01,9.0,7
0.0,0.0,1.0,0.0,0.0,0.0,35.0,1856.24,12.0,8
0.0,1.0,0.0,0.0,0.0,0.0,64.0,3394.06,8.0,1
0.0,1.0,0.0,1.0,0.0,0.0,58.0,32978.25,10.232291666666667,2
0.0,1.0,1.0,0.0,0.0,0.0,66.0,2535.59,13.0,8
1.0,0.0,0.0,1.0,0.0,0.0,31.0,5466.94,9.0,9
1.0,0.0,0.0,0.0,0.0,1.0,32.0,3742.5156666666667,5.0,4
0.0,1.0,0.0,0.0,0.0,1.0,48.0,2835.69,9.0,10
0.0,0.0,0.0,0.0,0.0,0.0,18.0,4182.78,11.0,10
1.0,0.0,0.0,0.0,0.0,0.0,20.0,5454.08,9.0,9
0.0,0.0,0.0,0.0,0.0,0.0,33.0,3045.05,10.0,4
1.0,0.0,0.0,1.0,0.0,0.0,40.0,3255.7,10.0,10
1.0,0.0,0.0,0.0,1.0,0.0,28.0,2801.98,18.0,10
0.0,0.0,0.0,0.0,1.0,0.0,29.0,2282.29,15.0,10
0.0,0.0,0.0,0.0,1.0,0.0,27.0,2720.87,11.0,9
0.0,0.0,0.0,0.0,0.0,1.0,49.0,2031.27,13.0,7
1.0,0.0,0.0,0.0,0.0,1.0,33.0,3540.9,12.0,2
0.0,0.0,0.0,0.0,1.0,0.0,25.0,2576.03,10.0,9
0.0,0.0,0.0,0.0,0.0,1.0,55.0,3780.54,9.0,4
0.0,0.0,1.0,0.0,0.0,0.0,29.0,1632.93,15.0,8
0.0,0.0,0.0,0.0,1.0,0.0,41.0,3897.06,14.0,7
0.0,0.0,1.0,0.0,0.0,0.0,45.0,4500.23,10.0,7
0.0,0.0,0.0,0.0,0.0,1.0,25.0,1107.52,11.0,8
0.0,0.0,1.0,0.0,0.0,0.0,45.0,3948.87,19.0,1
1.0,0.0,0.0,0.0,0.0,0.0,53.0,4973.2,12.0,5
0.0,0.0,0.0,0.0,0.0,1.0,43.0,2048.43,17.0,2
1.0,0.0,0.0,0.0,1.0,0.0,25.0,5507.09,13.0,2
0.0,1.0,0.0,0.0,0.0,1.0,67.0,4002.82,11.0,1
0.0,1.0,0.0,0.0,0.0,0.0,45.0,2653.99,12.0,5
1.0,0.0,0.0,1.0,0.0,0.0,45.0,3433.08,16.0,2
0.0,0.0,0.0,0.0,1.0,0.0,54.0,4169.99,11.0,4
1.0,0.0,1.0,0.0,0.0,0.0,58.0,3591.21,10.232291666666667,3
0.0,1.0,0.0,0.0,0.0,0.0,53.0,3742.5156666666667,9.0,3
1.0,0.0,0.0,1.0,0.0,0.0,44.0,3742.5156666666667,6.0,2
0.0,1.0,0.0,0.0,1.0,0.0,34.0,3703.23,5.0,6
1.0,0.0,0.0,0.0,1.0,0.0,26.0,1803.54,5.0,2
1.0,0.0,0.0,0.0,0.0,1.0,50.0,3742.5156666666667,12.0,8
1.0,0.0,0.0,1.0,0.0,0.0,37.0,2415.31,6.0,8
1.0,0.0,0.0,0.0,0.0,0.0,30.0,2617.36,20.0,5
1.0,0.0,1.0,0.0,0.0,0.0,45.0,4983.31,16.0,10
0.0,1.0,0.0,0.0,1.0,0.0,65.0,4809.57,3.0,7
1.0,0.0,0.0,0.0,0.0,0.0,46.0,4230.97,11.0,4
1.0,0.0,0.0,0.0,0.0,1.0,30.0,2189.22,8.0,1
1.0,0.0,0.0,0.0,1.0,0.0,63.0,3120.31,11.0,2
0.0,0.0,0.0,1.0,0.0,0.0,52.0,4955.72,8.0,10
0.0,1.0,0.0,0.0,0.0,0.0,23.0,3670.06,8.0,10
1.0,0.0,1.0,0.0,0.0,0.0,35.0,6283.2,10.232291666666667,4
0.0,1.0,0.0,0.0,0.0,1.0,68.0,3971.98,7.0,1
1.0,0.0,0.0,0.0,0.0,0.0,22.0,3730.46,5.0,8
0.0,0.0,0.0,0.0,1.0,0.0,64.0,3129.06,8.0,9
0.0,1.0,1.0,0.0,0.0,0.0,42.0,3742.5156666666667,10.232291666666667,4
0.0,0.0,0.0,0.0,1.0,0.0,19.0,3317.04,13.0,10
0.0,0.0,0.0,0.0,1.0,0.0,27.0,4349.73,10.0,3
1.0,0.0,0.0,1.0,0.0,0.0,47.0,4648.04,8.0,2
0.0,1.0,0.0,1.0,0.0,0.0,67.0,2556.81,10.0,5
0.0,1.0,0.0,0.0,1.0,0.0,62.0,1902.52,11.0,3
0.0,1.0,0.0,0.0,0.0,1.0,22.0,1296.55,13.0,10
0.0,1.0,0.0,1.0,0.0,0.0,50.0,4109.59,6.0,7
1.0,0.0,0.0,1.0,0.0,0.0,18.0,2175.96,9.0,6
1.0,0.0,0.0,1.0,0.0,0.0,35.0,916.53,12.0,1
0.0,0.0,0.0,1.0,0.0,0.0,49.0,3966.29,12.0,8
1.0,0.0,1.0,0.0,0.0,0.0,64.0,6491.6,11.0,2
0.0,1.0,0.0,0.0,1.0,0.0,66.0,3492.71,8.0,5
1.0,0.0,1.0,0.0,0.0,0.0,28.0,4506.19,9.0,9
0.0,0.0,0.0,0.0,0.0,0.0,38.0,3598.2,9.0,8
0.0,1.0,0.0,0.0,0.0,0.0,43.0,3381.33,12.0,2
0.0,1.0,0.0,0.0,0.0,0.0,42.0,4602.89,12.0,9
0.0,0.0,1.0,0.0,0.0,0.0,39.0,3151.67,12.0,5
0.0,0.0,0.0,0.0,1.0,0.0,44.0,3820.87,14.0,10
0.0,1.0,0.0,0.0,0.0,0.0,66.0,3886.04,10.0,6
1.0,0.0,0.0,1.0,0.0,0.0,30.0,2698.29,9.0,3
1.0,0.0,0.0,0.0,0.0,0.0,50.0,4690.45,8.0,3
0.0,1.0,0.0,0.0,0.0,1.0,51.0,3290.05,14.0,10
0.0,1.0,0.0,1.0,0.0,0.0,58.0,3742.5156666666667,16.0,8
0.0,1.0,0.0,1.0,0.0,0.0,52.0,4143.81,13.0,10
1.0,0.0,0.0,1.0,0.0,0.0,18.0,2421.84,13.0,10
1.0,0.0,0.0,0.0,0.0,0.0,38.0,3533.82,13.0,2
0.0,1.0,0.0,1.0,0.0,0.0,65.0,3742.5156666666667,8.0,2
0.0,0.0,0.0,0.0,0.0,1.0,23.0,4803.07,13.0,5
0.0,1.0,1.0,0.0,0.0,0.0,45.0,4069.64,14.0,6
0.0,1.0,0.0,0.0,0.0,1.0,34.0,3469.97,8.0,2
1.0,0.0,0.0,0.0,1.0,0.0,22.0,4481.32,11.0,5
0.0,1.0,0.0,1.0,0.0,0.0,48.0,5168.25,12.0,7
1.0,0.0,0.0,0.0,0.0,1.0,22.0,4169.37,9.0,10
0.0,0.0,0.0,0.0,0.0,0.0,55.0,3512.42,13.0,10
0.0,1.0,0.0,0.0,1.0,0.0,20.0,1925.8,12.0,8
0.0,0.0,0.0,0.0,0.0,1.0,40.0,2221.86,11.0,7
0.0,1.0,0.0,1.0,0.0,0.0,54.0,3133.73,7.0,8
0.0,0.0,0.0,0.0,0.0,0.0,54.0,2768.59,6.0,9
1.0,0.0,0.0,1.0,0.0,0.0,27.0,3275.63,14.0,5
0.0,1.0,0.0,0.0,1.0,0.0,27.0,3567.98,12.0,5
0.0,1.0,0.0,0.0,0.0,1.0,36.0,4135.63,8.0,10
0.0,0.0,0.0,1.0,0.0,0.0,34.0,3415.4,7.0,4
1.0,0.0,0.0,0.0,1.0,0.0,38.0,4083.8,11.0,9
0.0,0.0,0.0,0.0,0.0,0.0,31.0,3577.37,10.0,5
0.0,0.0,0.0,0.0,0.0,1.0,26.0,1129.44,8.0,2
1.0,0.0,0.0,0.0,0.0,1.0,63.0,2372.8,18.0,10
0.0,0.0,0.0,0.0,1.0,0.0,18.0,3327.09,15.0,8
0.0,0.0,0.0,0.0,0.0,1.0,68.0,2048.37,11.0,7
0.0,1.0,0.0,0.0,0.0,0.0,62.0,4219.91,4.0,8
0.0,0.0,0.0,0.0,0.0,0.0,30.0,5336.9,11.0,3
0.0,1.0,0.0,0.0,0.0,1.0,21.0,4962.51,15.0,4
1.0,0.0,0.0,1.0,0.0,0.0,18.0,3243.87,6.0,5
0.0,0.0,0.0,1.0,0.0,0.0,66.0,5288.87,8.0,6
1.0,0.0,0.0,0.0,0.0,0.0,57.0,3678.4,13.0,1
0.0,1.0,0.0,1.0,0.0,0.0,49.0,3095.5,8.0,4
0.0,1.0,0.0,0.0,1.0,0.0,51.0,2763.92,8.0,10
0.0,1.0,1.0,0.0,0.0,0.0,45.0,3137.04,12.0,5
0.0,0.0,0.0,0.0,0.0,1.0,48.0,3034.19,44.0,7
0.0,1.0,0.0,0.0,1.0,0.0,25.0,3704.5,12.0,5
0.0,1.0,0.0,0.0,0.0,0.0,56.0,3692.69,12.0,1
0.0,0.0,1.0,0.0,0.0,0.0,43.0,3503.66,8.0,7
0.0,0.0,0.0,0.0,0.0,0.0,51.0,4024.33,15.0,8
0.0,0.0,1.0,0.0,0.0,0.0,20.0,4928.78,5.0,7
0.0,1.0,0.0,0.0,1.0,0.0,67.0,4639.46,12.0,4
0.0,1.0,1.0,0.0,0.0,0.0,29.0,3742.5156666666667,5.0,8
0.0,0.0,0.0,1.0,0.0,0.0,18.0,435.29,12.0,5
0.0,0.0,0.0,0.0,1.0,0.0,61.0,4621.18,7.0,10
1.0,0.0,0.0,0.0,0.0,1.0,22.0,1859.75,10.0,9
1.0,0.0,0.0,0.0,0.0,1.0,47.0,3230.28,10.0,10
0.0,0.0,0.0,1.0,0.0,0.0,47.0,3742.5156666666667,10.0,5
0.0,0.0,0.0,0.0,0.0,1.0,34.0,1337.62,11.0,1
1.0,0.0,1.0,0.0,0.0,0.0,65.0,4149.76,7.0,9
0.0,0.0,0.0,1.0,0.0,0.0,64.0,4410.99,8.0,5
0.0,1.0,0.0,0.0,0.0,1.0,40.0,2808.19,9.0,6
0.0,1.0,0.0,0.0,1.0,0.0,32.0,390.75,11.0,4
0.0,1.0,1.0,0.0,0.0,0.0,54.0,2844.51,8.0,6
0.0,0.0,0.0,0.0,0.0,1.0,38.0,3970.16,9.0,8
0.0,0.0,1.0,0.0,0.0,0.0,31.0,1725.31,12.0,3
1.0,0.0,0.0,0.0,0.0,1.0,19.0,3720.03,6.0,5
0.0,0.0,0.0,0.0,0.0,0.0,28.0,3481.63,6.0,2
0.0,0.0,0.0,0.0,1.0,0.0,68.0,4195.15,12.0,2
1.0,0.0,0.0,1.0,0.0,0.0,56.0,3643.5,10.0,7
0.0,0.0,0.0,0.0,0.0,1.0,55.0,2332.32,11.0,10
1.0,0.0,1.0,0.0,0.0,0.0,51.0,4935.89,9.0,10
0.0,0.0,0.0,0.0,0.0,1.0,55.0,3309.76,10.232291666666667,10
0.0,0.0,0.0,1.0,0.0,0.0,67.0,3467.23,5.0,6
0.0,0.0,1.0,0.0,0.0,0.0,51.0,2380.08,11.0,4
0.0,0.0,0.0,0.0,1.0,0.0,35.0,2968.06,5.0,5
0.0,1.0,1.0,0.0,0.0,0.0,47.0,2438.24,5.0,1
0.0,1.0,0.0,0.0,1.0,0.0,32.0,3292.46,10.0,7
0.0,0.0,0.0,1.0,0.0,0.0,44.0,5554.05,11.0,8
0.0,1.0,0.0,1.0,0.0,0.0,68.0,1853.72,12.0,9
1.0,0.0,1.0,0.0,0.0,0.0,51.0,1563.73,8.0,8
0.0,1.0,0.0,0.0,1.0,0.0,69.0,5265.4,11.0,5
1.0,0.0,0.0,0.0,0.0,1.0,55.0,3742.5156666666667,10.232291666666667,3
1.0,0.0,0.0,1.0,0.0,0.0,50.0,2697.11,10.0,10
1.0,0.0,0.0,0.0,0.0,1.0,41.0,4747.89,12.0,9
0.0,1.0,0.0,0.0,0.0,1.0,32.0,2773.26,9.0,6
0.0,0.0,0.0,0.0,0.0,0.0,47.0,5691.21,10.232291666666667,5
0.0,0.0,1.0,0.0,0.0,0.0,59.0,4313.51,12.0,3
0.0,1.0,1.0,0.0,0.0,0.0,68.0,2914.51,10.232291666666667,6
1.0,0.0,1.0,0.0,0.0,0.0,34.0,6088.77,7.0,3
0.0,1.0,0.0,0.0,1.0,0.0,22.0,2773.14,10.232291666666667,10
0.0,0.0,0.0,1.0,0.0,0.0,46.0,4390.51,8.0,6
0.0,1.0,0.0,1.0,0.0,0.0,21.0,3859.15,10.232291666666667,4
0.0,1.0,0.0,0.0,0.0,0.0,27.0,5062.09,8.0,2
0.0,0.0,0.0,0.0,0.0,0.0,34.0,5373.81,9.0,8
0.0,0.0,0.0,0.0,0.0,0.0,27.0,3538.4,12.0,4
1.0,0.0,0.0,0.0,0.0,1.0,34.0,2595.9,11.0,9
1.0,0.0,1.0,0.0,0.0,0.0,37.0,4051.97,6.0,7
0.0,0.0,0.0,0.0,1.0,0.0,41.0,2686.74,11.0,2
1.0,0.0,0.0,1.0,0.0,0.0,22.0,5916.06,9.0,4
0.0,0.0,0.0,0.0,1.0,0.0,51.0,3663.84,6.0,5
0.0,1.0,1.0,0.0,0.0,0.0,23.0,3061.61,7.0,3
1.0,0.0,1.0,0.0,0.0,0.0,19.0,3721.62,10.0,9
0.0,0.0,0.0,1.0,0.0,0.0,30.0,1883.45,14.0,5
0.0,1.0,0.0,0.0,0.0,1.0,60.0,2334.06,8.0,2
0.0,1.0,0.0,0.0,0.0,0.0,60.0,4940.5,10.0,3
0.0,0.0,0.0,0.0,0.0,1.0,65.0,2711.73,10.232291666666667,9
0.0,0.0,1.0,0.0,0.0,0.0,28.0,2243.71,6.0,7
0.0,1.0,1.0,0.0,0.0,0.0,68.0,4143.98,9.0,2
0.0,1.0,0.0,0.0,0.0,1.0,64.0,4922.84,13.0,9
0.0,0.0,0.0,0.0,0.0,0.0,40.0,4362.74,13.0,4
0.0,0.0,0.0,0.0,0.0,0.0,33.0,4695.26,10.0,9
0.0,1.0,1.0,0.0,0.0,0.0,48.0,2591.85,13.0,2
0.0,1.0,0.0,0.0,0.0,0.0,28.0,1793.83,6.0,10
0.0,0.0,0.0,0.0,0.0,0.0,33.0,5301.6,19.0,4
0.0,0.0,0.0,1.0,0.0,0.0,25.0,3742.5156666666667,12.0,5
0.0,1.0,0.0,1.0,0.0,0.0,21.0,3199.0,9.0,2
0.0,0.0,0.0,0.0,1.0,0.0,57.0,5093.83,12.0,10
0.0,0.0,0.0,0.0,0.0,1.0,21.0,4167.48,5.0,1
0.0,0.0,1.0,0.0,0.0,0.0,42.0,4047.07,8.0,7
0.0,0.0,0.0,0.0,0.0,0.0,20.0,6098.0,9.0,10
1.0,0.0,0.0,0.0,1.0,0.0,49.0,2727.78,9.0,1
1.0,0.0,0.0,1.0,0.0,0.0,20.0,4613.41,9.0,8
0.0,1.0,0.0,0.0,0.0,0.0,44.0,3568.42,9.0,3
1.0,0.0,0.0,0.0,0.0,1.0,46.0,3822.31,11.0,10
0.0,0.0,0.0,1.0,0.0,0.0,49.0,5334.16,13.0,6
1.0,0.0,1.0,0.0,0.0,0.0,67.0,4109.4,10.232291666666667,7
0.0,1.0,0.0,0.0,0.0,0.0,68.0,4145.96,13.0,10
0.0,1.0,0.0,0.0,1.0,0.0,36.0,4787.01,10.0,1
0.0,1.0,1.0,0.0,0.0,0.0,38.0,3062.06,7.0,6
1.0,0.0,0.0,0.0,0.0,0.0,22.0,2492.95,11.0,7
1.0,0.0,0.0,0.0,0.0,0.0,35.0,2246.23,4.0,6
1.0,0.0,0.0,0.0,0.0,0.0,45.0,3742.5156666666667,13.0,4
0.0,1.0,0.0,0.0,0.0,1.0,59.0,5967.45,7.0,1
0.0,0.0,0.0,0.0,0.0,0.0,39.0,2176.15,4.0,9
0.0,0.0,1.0,0.0,0.0,0.0,38.0,3234.5,6.0,4
0.0,1.0,0.0,0.0,0.0,1.0,23.0,3167.82,7.0,7
0.0,1.0,0.0,0.0,0.0,1.0,18.0,3868.89,3.0,7
0.0,1.0,1.0,0.0,0.0,0.0,22.0,4478.88,10.0,2
0.0,1.0,0.0,0.0,0.0,1.0,58.0,4532.57,9.0,1
0.0,0.0,0.0,0.0,1.0,0.0,29.0,2800.31,6.0,8
1.0,0.0,0.0,0.0,1.0,0.0,43.0,3299.45,4.0,8
1.0,0.0,1.0,0.0,0.0,0.0,63.0,3839.1,11.0,7
0.0,0.0,0.0,0.0,1.0,0.0,51.0,3201.57,14.0,8
1.0,0.0,1.0,0.0,0.0,0.0,66.0,5428.81,18.0,3
0.0,0.0,0.0,0.0,1.0,0.0,31.0,4089.17,5.0,2
1.0,0.0,0.0,1.0,0.0,0.0,43.0,4381.85,7.0,7
0.0,0.0,1.0,0.0,0.0,0.0,62.0,4295.46,11.0,8
1.0,0.0,0.0,0.0,0.0,0.0,44.0,4908.17,8.0,1
0.0,1.0,0.0,0.0,1.0,0.0,26.0,3717.23,6.0,10
0.0,1.0,0.0,1.0,0.0,0.0,43.0,1943.8,6.0,9
1.0,0.0,1.0,0.0,0.0,0.0,64.0,3979.63,7.0,4
0.0,0.0,0.0,0.0,0.0,1.0,39.0,3742.5156666666667,17.0,4
1.0,0.0,0.0,0.0,0.0,0.0,64.0,2865.66,9.0,3
1.0,0.0,0.0,0.0,1.0,0.0,47.0,4203.64,4.0,6
0.0,1.0,0.0,1.0,0.0,0.0,60.0,4985.94,12.0,1
0.0,0.0,0.0,0.0,0.0,1.0,65.0,3525.53,9.0,6
0.0,1.0,0.0,0.0,0.0,1.0,34.0,3870.6,9.0,2
1.0,0.0,0.0,1.0,0.0,0.0,43.0,5542.66,8.0,9
0.0,1.0,0.0,1.0,0.0,0.0,53.0,3788.9,11.0,2
0.0,0.0,1.0,0.0,0.0,0.0,18.0,6622.02,8.0,7
1.0,0.0,0.0,0.0,0.0,1.0,25.0,4178.61,7.0,1
1.0,0.0,1.0,0.0,0.0,0.0,66.0,1387.08,12.0,7
0.0,1.0,0.0,0.0,1.0,0.0,52.0,4404.01,4.0,5
0.0,0.0,0.0,1.0,0.0,0.0,69.0,3957.39,8.0,8
0.0,0.0,1.0,0.0,0.0,0.0,32.0,5047.7,7.0,4
0.0,0.0,0.0,1.0,0.0,0.0,64.0,4307.82,7.0,10
0.0,0.0,1.0,0.0,0.0,0.0,39.0,3333.85,8.0,7
0.0,0.0,0.0,0.0,1.0,0.0,31.0,2030.84,9.0,6
1.0,0.0,0.0,0.0,1.0,0.0,43.0,3249.17,14.0,5
1.0,0.0,0.0,0.0,0.0,0.0,45.0,2479.38,12.0,4
0.0,0.0,0.0,0.0,0.0,1.0,40.0,2803.37,9.0,7
0.0,0.0,0.0,0.0,0.0,0.0,31.0,3742.5156666666667,9.0,5
1.0,0.0,0.0,0.0,0.0,1.0,41.0,5503.89,12.0,5
1.0,0.0,0.0,0.0,1.0,0.0,19.0,3973.61,6.0,1
0.0,0.0,1.0,0.0,0.0,0.0,62.0,2064.94,7.0,2
0.0,0.0,0.0,1.0,0.0,0.0,43.0,4033.52,12.0,5
1.0,0.0,0.0,0.0,1.0,0.0,31.0,4935.96,9.0,3
0.0,1.0,0.0,0.0,1.0,0.0,68.0,2768.26,11.0,2
0.0,1.0,1.0,0.0,0.0,0.0,24.0,3339.18,6.0,4
0.0,1.0,0.0,0.0,1.0,0.0,20.0,3517.63,10.0,4
1.0,0.0,0.0,0.0,1.0,0.0,64.0,2558.12,7.0,4
1.0,0.0,1.0,0.0,0.0,0.0,40.0,4277.94,13.0,4
1.0,0.0,0.0,0.0,1.0,0.0,63.0,3354.86,28.0,3
0.0,1.0,0.0,0.0,0.0,1.0,60.0,4003.44,11.0,7
0.0,0.0,0.0,0.0,0.0,1.0,64.0,2435.01,12.0,9
1.0,0.0,0.0,0.0,0.0,1.0,62.0,2975.05,10.0,5
1.0,0.0,0.0,0.0,0.0,1.0,35.0,4366.86,8.0,4
1.0,0.0,0.0,0.0,1.0,0.0,55.0,3052.6,11.0,2
